{"danceability": {"min": 0.5263505154639175, "max": 0.76607182320442}, "energy": {"min": 0.4454824352331607, "max": 0.7748343558282209}, "key": {"min": 1.0, "max": 6.559006211180124}, "loudness": {"min": 0.0, "max": -13.206388601036272}, "mode": {"min": 0.2755102040816326, "max": 0.8690476190476191}, "speechiness": {"min": 0.04673350785340314, "max": 0.18354682080924853}, "acousticness": {"min": 0.1538095723926381, "max": 0.6805951813471501}, "instrumentalness": {"min": 9.210624999999998e-05, "max": 0.3233910541450778}, "liveness": {"min": 0.13636, "max": 0.3771834254143649}, "valence": {"min": 0.37541396648044667, "max": 0.702041176470588}, "tempo": {"min": 1.0, "max": 134.77812299465245}, "duration_ms": {"min": 1.0, "max": 251160.03067484664}, "time_signature": {"min": 1.0, "max": 4.041420118343195}}